{
    "prepare_queue": {
        "installed": [],
        "uninstalled": []
    },
    "config_munge": {
        "files": {
            "res/xml/config.xml": {
                "parents": {
                    "/*": [
                        {
                            "xml": "<feature name=\"Battery\"><param name=\"android-package\" value=\"org.apache.cordova.batterystatus.BatteryListener\" /></feature>",
                            "count": 1
                        },
                        {
                            "xml": "<feature name=\"Camera\"><param name=\"android-package\" value=\"org.apache.cordova.camera.CameraLauncher\" /></feature>",
                            "count": 1
                        },
                        {
                            "xml": "<feature name=\"Contacts\"><param name=\"android-package\" value=\"org.apache.cordova.contacts.ContactManager\" /></feature>",
                            "count": 1
                        },
                        {
                            "xml": "<feature name=\"Device\"><param name=\"android-package\" value=\"org.apache.cordova.device.Device\" /></feature>",
                            "count": 1
                        },
                        {
                            "xml": "<feature name=\"Accelerometer\"><param name=\"android-package\" value=\"org.apache.cordova.devicemotion.AccelListener\" /></feature>",
                            "count": 1
                        },
                        {
                            "xml": "<feature name=\"Compass\"><param name=\"android-package\" value=\"org.apache.cordova.deviceorientation.CompassListener\" /></feature>",
                            "count": 1
                        },
                        {
                            "xml": "<feature name=\"Notification\"><param name=\"android-package\" value=\"org.apache.cordova.dialogs.Notification\" /></feature>",
                            "count": 1
                        },
                        {
                            "xml": "<feature name=\"File\"><param name=\"android-package\" value=\"org.apache.cordova.file.FileUtils\" /><param name=\"onload\" value=\"true\" /></feature>",
                            "count": 1
                        },
                        {
                            "xml": "<allow-navigation href=\"cdvfile:*\" />",
                            "count": 1
                        },
                        {
                            "xml": "<feature name=\"FileTransfer\"><param name=\"android-package\" value=\"org.apache.cordova.filetransfer.FileTransfer\" /></feature>",
                            "count": 1
                        },
                        {
                            "xml": "<feature name=\"Geolocation\"><param name=\"android-package\" value=\"org.apache.cordova.geolocation.Geolocation\" /></feature>",
                            "count": 1
                        },
                        {
                            "xml": "<feature name=\"Globalization\"><param name=\"android-package\" value=\"org.apache.cordova.globalization.Globalization\" /></feature>",
                            "count": 1
                        },
                        {
                            "xml": "<feature name=\"InAppBrowser\"><param name=\"android-package\" value=\"org.apache.cordova.inappbrowser.InAppBrowser\" /></feature>",
                            "count": 1
                        },
                        {
                            "xml": "<feature name=\"Media\"><param name=\"android-package\" value=\"org.apache.cordova.media.AudioHandler\" /></feature>",
                            "count": 1
                        },
                        {
                            "xml": "<feature name=\"Capture\"><param name=\"android-package\" value=\"org.apache.cordova.mediacapture.Capture\" /></feature>",
                            "count": 1
                        },
                        {
                            "xml": "<feature name=\"NetworkStatus\"><param name=\"android-package\" value=\"org.apache.cordova.networkinformation.NetworkManager\" /></feature>",
                            "count": 1
                        },
                        {
                            "xml": "<feature name=\"SplashScreen\"><param name=\"android-package\" value=\"org.apache.cordova.splashscreen.SplashScreen\" /><param name=\"onload\" value=\"true\" /></feature>",
                            "count": 1
                        },
                        {
                            "xml": "<feature name=\"StatusBar\"><param name=\"android-package\" value=\"org.apache.cordova.statusbar.StatusBar\" /><param name=\"onload\" value=\"true\" /></feature>",
                            "count": 1
                        },
                        {
                            "xml": "<feature name=\"Vibration\"><param name=\"android-package\" value=\"org.apache.cordova.vibration.Vibration\" /></feature>",
                            "count": 1
                        },
                        {
                            "xml": "<feature name=\"Whitelist\"><param name=\"android-package\" value=\"org.apache.cordova.whitelist.WhitelistPlugin\" /><param name=\"onload\" value=\"true\" /></feature>",
                            "count": 1
                        },
                        {
                            "xml": "<feature name=\"FileOpener2\"><param name=\"android-package\" value=\"io.github.pwlin.cordova.plugins.fileopener2.FileOpener2\" /></feature>",
                            "count": 1
                        },
                        {
                            "xml": "<feature name=\"SpinnerDialog\"><param name=\"android-package\" value=\"hu.dpal.phonegap.plugins.SpinnerDialog\" /></feature>",
                            "count": 1
                        },
                        {
                            "xml": "<feature name=\"Toast\"><param name=\"android-package\" value=\"nl.xservices.plugins.Toast\" /></feature>",
                            "count": 1
                        },
                        {
                            "xml": "<feature name=\"PushNotification\"><param name=\"android-package\" value=\"com.adobe.phonegap.push.PushPlugin\" /></feature>",
                            "count": 1
                        }
                    ]
                }
            },
            "AndroidManifest.xml": {
                "parents": {
                    "/*": [
                        {
                            "xml": "<uses-permission android:name=\"android.permission.WRITE_EXTERNAL_STORAGE\" />",
                            "count": 5
                        },
                        {
                            "xml": "<uses-permission android:name=\"android.permission.READ_CONTACTS\" />",
                            "count": 1
                        },
                        {
                            "xml": "<uses-permission android:name=\"android.permission.WRITE_CONTACTS\" />",
                            "count": 1
                        },
                        {
                            "xml": "<uses-permission android:name=\"android.permission.GET_ACCOUNTS\" />",
                            "count": 1
                        },
                        {
                            "xml": "<uses-permission android:name=\"android.permission.ACCESS_COARSE_LOCATION\" />",
                            "count": 2
                        },
                        {
                            "xml": "<uses-permission android:name=\"android.permission.ACCESS_FINE_LOCATION\" />",
                            "count": 2
                        },
                        {
                            "xml": "<uses-permission android:name=\"android.permission.RECORD_AUDIO\" />",
                            "count": 2
                        },
                        {
                            "xml": "<uses-permission android:name=\"android.permission.MODIFY_AUDIO_SETTINGS\" />",
                            "count": 1
                        },
                        {
                            "xml": "<uses-permission android:name=\"android.permission.READ_PHONE_STATE\" />",
                            "count": 1
                        },
                        {
                            "xml": "<uses-permission android:name=\"android.permission.RECORD_VIDEO\" />",
                            "count": 1
                        },
                        {
                            "xml": "<uses-permission android:name=\"android.permission.ACCESS_NETWORK_STATE\" />",
                            "count": 1
                        },
                        {
                            "xml": "<uses-permission android:name=\"android.permission.READ_EXTERNAL_STORAGE\" />",
                            "count": 1
                        }
                    ],
                    "/manifest": [
                        {
                            "xml": "<uses-permission android:name=\"android.permission.VIBRATE\" />",
                            "count": 2
                        },
                        {
                            "xml": "<uses-permission android:name=\"android.permission.INTERNET\" />",
                            "count": 1
                        },
                        {
                            "xml": "<uses-permission android:name=\"android.permission.ACCESS_NETWORK_STATE\" />",
                            "count": 1
                        },
                        {
                            "xml": "<uses-permission android:name=\"android.permission.WAKE_LOCK\" />",
                            "count": 1
                        },
                        {
                            "xml": "<uses-permission android:name=\"com.google.android.c2dm.permission.RECEIVE\" />",
                            "count": 1
                        },
                        {
                            "xml": "<permission android:name=\"${applicationId}.permission.C2D_MESSAGE\" android:protectionLevel=\"signature\" />",
                            "count": 1
                        },
                        {
                            "xml": "<uses-permission android:name=\"${applicationId}.permission.C2D_MESSAGE\" />",
                            "count": 1
                        }
                    ],
                    "/manifest/application": [
                        {
                            "xml": "<provider android:authorities=\"${applicationId}.opener.provider\" android:exported=\"false\" android:grantUriPermissions=\"true\" android:name=\"io.github.pwlin.cordova.plugins.fileopener2.FileProvider\"><meta-data android:name=\"android.support.FILE_PROVIDER_PATHS\" android:resource=\"@xml/opener_paths\" /></provider>",
                            "count": 1
                        },
                        {
                            "xml": "<activity android:exported=\"true\" android:name=\"com.adobe.phonegap.push.PushHandlerActivity\" />",
                            "count": 1
                        },
                        {
                            "xml": "<receiver android:exported=\"true\" android:name=\"com.google.android.gms.gcm.GcmReceiver\" android:permission=\"com.google.android.c2dm.permission.SEND\"><intent-filter><action android:name=\"com.google.android.c2dm.intent.RECEIVE\" /><category android:name=\"${applicationId}\" /></intent-filter></receiver>",
                            "count": 1
                        },
                        {
                            "xml": "<service android:exported=\"false\" android:name=\"com.adobe.phonegap.push.GCMIntentService\"><intent-filter><action android:name=\"com.google.android.c2dm.intent.RECEIVE\" /></intent-filter></service>",
                            "count": 1
                        },
                        {
                            "xml": "<service android:exported=\"false\" android:name=\"com.adobe.phonegap.push.PushInstanceIDListenerService\"><intent-filter><action android:name=\"com.google.android.gms.iid.InstanceID\" /></intent-filter></service>",
                            "count": 1
                        },
                        {
                            "xml": "<service android:exported=\"false\" android:name=\"com.adobe.phonegap.push.RegistrationIntentService\"></service>",
                            "count": 1
                        }
                    ]
                }
            }
        }
    },
    "installed_plugins": {
        "cordova-plugin-battery-status": {
            "PACKAGE_NAME": "com.ikevw.android"
        },
        "cordova-plugin-camera": {
            "PACKAGE_NAME": "com.ikevw.android"
        },
        "cordova-plugin-console": {
            "PACKAGE_NAME": "com.ikevw.android"
        },
        "cordova-plugin-contacts": {
            "PACKAGE_NAME": "com.ikevw.android"
        },
        "cordova-plugin-device": {
            "PACKAGE_NAME": "com.ikevw.android"
        },
        "cordova-plugin-device-motion": {
            "PACKAGE_NAME": "com.ikevw.android"
        },
        "cordova-plugin-device-orientation": {
            "PACKAGE_NAME": "com.ikevw.android"
        },
        "cordova-plugin-dialogs": {
            "PACKAGE_NAME": "com.ikevw.android"
        },
        "cordova-plugin-file": {
            "PACKAGE_NAME": "com.ikevw.android"
        },
        "cordova-plugin-file-transfer": {
            "PACKAGE_NAME": "com.ikevw.android"
        },
        "cordova-plugin-geolocation": {
            "PACKAGE_NAME": "com.ikevw.android"
        },
        "cordova-plugin-globalization": {
            "PACKAGE_NAME": "com.ikevw.android"
        },
        "cordova-plugin-inappbrowser": {
            "PACKAGE_NAME": "com.ikevw.android"
        },
        "cordova-plugin-media": {
            "PACKAGE_NAME": "com.ikevw.android"
        },
        "cordova-plugin-media-capture": {
            "PACKAGE_NAME": "com.ikevw.android"
        },
        "cordova-plugin-network-information": {
            "PACKAGE_NAME": "com.ikevw.android"
        },
        "cordova-plugin-splashscreen": {
            "PACKAGE_NAME": "com.ikevw.android"
        },
        "cordova-plugin-statusbar": {
            "PACKAGE_NAME": "com.ikevw.android"
        },
        "cordova-plugin-vibration": {
            "PACKAGE_NAME": "com.ikevw.android"
        },
        "cordova-plugin-whitelist": {
            "PACKAGE_NAME": "com.ikevw.android"
        },
        "cordova-plugin-file-opener2": {
            "PACKAGE_NAME": "com.ikevw.android"
        },
        "cordova-plugin-spinnerdialog": {
            "PACKAGE_NAME": "com.ikevw.android"
        },
        "cordova-plugin-x-toast": {
            "PACKAGE_NAME": "com.ikevw.android"
        },
        "phonegap-plugin-push": {
            "PACKAGE_NAME": "com.ikevw.android"
        }
    },
    "dependent_plugins": {},
    "modules": [
        {
            "id": "cordova-plugin-battery-status.battery",
            "file": "plugins/cordova-plugin-battery-status/www/battery.js",
            "pluginId": "cordova-plugin-battery-status",
            "clobbers": [
                "navigator.battery"
            ]
        },
        {
            "id": "cordova-plugin-camera.Camera",
            "file": "plugins/cordova-plugin-camera/www/CameraConstants.js",
            "pluginId": "cordova-plugin-camera",
            "clobbers": [
                "Camera"
            ]
        },
        {
            "id": "cordova-plugin-camera.CameraPopoverOptions",
            "file": "plugins/cordova-plugin-camera/www/CameraPopoverOptions.js",
            "pluginId": "cordova-plugin-camera",
            "clobbers": [
                "CameraPopoverOptions"
            ]
        },
        {
            "id": "cordova-plugin-camera.camera",
            "file": "plugins/cordova-plugin-camera/www/Camera.js",
            "pluginId": "cordova-plugin-camera",
            "clobbers": [
                "navigator.camera"
            ]
        },
        {
            "id": "cordova-plugin-camera.CameraPopoverHandle",
            "file": "plugins/cordova-plugin-camera/www/CameraPopoverHandle.js",
            "pluginId": "cordova-plugin-camera",
            "clobbers": [
                "CameraPopoverHandle"
            ]
        },
        {
            "id": "cordova-plugin-contacts.contacts",
            "file": "plugins/cordova-plugin-contacts/www/contacts.js",
            "pluginId": "cordova-plugin-contacts",
            "clobbers": [
                "navigator.contacts"
            ]
        },
        {
            "id": "cordova-plugin-contacts.Contact",
            "file": "plugins/cordova-plugin-contacts/www/Contact.js",
            "pluginId": "cordova-plugin-contacts",
            "clobbers": [
                "Contact"
            ]
        },
        {
            "id": "cordova-plugin-contacts.ContactAddress",
            "file": "plugins/cordova-plugin-contacts/www/ContactAddress.js",
            "pluginId": "cordova-plugin-contacts",
            "clobbers": [
                "ContactAddress"
            ]
        },
        {
            "id": "cordova-plugin-contacts.ContactError",
            "file": "plugins/cordova-plugin-contacts/www/ContactError.js",
            "pluginId": "cordova-plugin-contacts",
            "clobbers": [
                "ContactError"
            ]
        },
        {
            "id": "cordova-plugin-contacts.ContactField",
            "file": "plugins/cordova-plugin-contacts/www/ContactField.js",
            "pluginId": "cordova-plugin-contacts",
            "clobbers": [
                "ContactField"
            ]
        },
        {
            "id": "cordova-plugin-contacts.ContactFindOptions",
            "file": "plugins/cordova-plugin-contacts/www/ContactFindOptions.js",
            "pluginId": "cordova-plugin-contacts",
            "clobbers": [
                "ContactFindOptions"
            ]
        },
        {
            "id": "cordova-plugin-contacts.ContactName",
            "file": "plugins/cordova-plugin-contacts/www/ContactName.js",
            "pluginId": "cordova-plugin-contacts",
            "clobbers": [
                "ContactName"
            ]
        },
        {
            "id": "cordova-plugin-contacts.ContactOrganization",
            "file": "plugins/cordova-plugin-contacts/www/ContactOrganization.js",
            "pluginId": "cordova-plugin-contacts",
            "clobbers": [
                "ContactOrganization"
            ]
        },
        {
            "id": "cordova-plugin-contacts.ContactFieldType",
            "file": "plugins/cordova-plugin-contacts/www/ContactFieldType.js",
            "pluginId": "cordova-plugin-contacts",
            "merges": [
                ""
            ]
        },
        {
            "id": "cordova-plugin-device.device",
            "file": "plugins/cordova-plugin-device/www/device.js",
            "pluginId": "cordova-plugin-device",
            "clobbers": [
                "device"
            ]
        },
        {
            "id": "cordova-plugin-device-motion.Acceleration",
            "file": "plugins/cordova-plugin-device-motion/www/Acceleration.js",
            "pluginId": "cordova-plugin-device-motion",
            "clobbers": [
                "Acceleration"
            ]
        },
        {
            "id": "cordova-plugin-device-motion.accelerometer",
            "file": "plugins/cordova-plugin-device-motion/www/accelerometer.js",
            "pluginId": "cordova-plugin-device-motion",
            "clobbers": [
                "navigator.accelerometer"
            ]
        },
        {
            "id": "cordova-plugin-device-orientation.CompassError",
            "file": "plugins/cordova-plugin-device-orientation/www/CompassError.js",
            "pluginId": "cordova-plugin-device-orientation",
            "clobbers": [
                "CompassError"
            ]
        },
        {
            "id": "cordova-plugin-device-orientation.CompassHeading",
            "file": "plugins/cordova-plugin-device-orientation/www/CompassHeading.js",
            "pluginId": "cordova-plugin-device-orientation",
            "clobbers": [
                "CompassHeading"
            ]
        },
        {
            "id": "cordova-plugin-device-orientation.compass",
            "file": "plugins/cordova-plugin-device-orientation/www/compass.js",
            "pluginId": "cordova-plugin-device-orientation",
            "clobbers": [
                "navigator.compass"
            ]
        },
        {
            "id": "cordova-plugin-dialogs.notification",
            "file": "plugins/cordova-plugin-dialogs/www/notification.js",
            "pluginId": "cordova-plugin-dialogs",
            "merges": [
                "navigator.notification"
            ]
        },
        {
            "id": "cordova-plugin-dialogs.notification_android",
            "file": "plugins/cordova-plugin-dialogs/www/android/notification.js",
            "pluginId": "cordova-plugin-dialogs",
            "merges": [
                "navigator.notification"
            ]
        },
        {
            "id": "cordova-plugin-file.DirectoryEntry",
            "file": "plugins/cordova-plugin-file/www/DirectoryEntry.js",
            "pluginId": "cordova-plugin-file",
            "clobbers": [
                "window.DirectoryEntry"
            ]
        },
        {
            "id": "cordova-plugin-file.DirectoryReader",
            "file": "plugins/cordova-plugin-file/www/DirectoryReader.js",
            "pluginId": "cordova-plugin-file",
            "clobbers": [
                "window.DirectoryReader"
            ]
        },
        {
            "id": "cordova-plugin-file.Entry",
            "file": "plugins/cordova-plugin-file/www/Entry.js",
            "pluginId": "cordova-plugin-file",
            "clobbers": [
                "window.Entry"
            ]
        },
        {
            "id": "cordova-plugin-file.File",
            "file": "plugins/cordova-plugin-file/www/File.js",
            "pluginId": "cordova-plugin-file",
            "clobbers": [
                "window.File"
            ]
        },
        {
            "id": "cordova-plugin-file.FileEntry",
            "file": "plugins/cordova-plugin-file/www/FileEntry.js",
            "pluginId": "cordova-plugin-file",
            "clobbers": [
                "window.FileEntry"
            ]
        },
        {
            "id": "cordova-plugin-file.FileError",
            "file": "plugins/cordova-plugin-file/www/FileError.js",
            "pluginId": "cordova-plugin-file",
            "clobbers": [
                "window.FileError"
            ]
        },
        {
            "id": "cordova-plugin-file.FileReader",
            "file": "plugins/cordova-plugin-file/www/FileReader.js",
            "pluginId": "cordova-plugin-file",
            "clobbers": [
                "window.FileReader"
            ]
        },
        {
            "id": "cordova-plugin-file.FileSystem",
            "file": "plugins/cordova-plugin-file/www/FileSystem.js",
            "pluginId": "cordova-plugin-file",
            "clobbers": [
                "window.FileSystem"
            ]
        },
        {
            "id": "cordova-plugin-file.FileUploadOptions",
            "file": "plugins/cordova-plugin-file/www/FileUploadOptions.js",
            "pluginId": "cordova-plugin-file",
            "clobbers": [
                "window.FileUploadOptions"
            ]
        },
        {
            "id": "cordova-plugin-file.FileUploadResult",
            "file": "plugins/cordova-plugin-file/www/FileUploadResult.js",
            "pluginId": "cordova-plugin-file",
            "clobbers": [
                "window.FileUploadResult"
            ]
        },
        {
            "id": "cordova-plugin-file.FileWriter",
            "file": "plugins/cordova-plugin-file/www/FileWriter.js",
            "pluginId": "cordova-plugin-file",
            "clobbers": [
                "window.FileWriter"
            ]
        },
        {
            "id": "cordova-plugin-file.Flags",
            "file": "plugins/cordova-plugin-file/www/Flags.js",
            "pluginId": "cordova-plugin-file",
            "clobbers": [
                "window.Flags"
            ]
        },
        {
            "id": "cordova-plugin-file.LocalFileSystem",
            "file": "plugins/cordova-plugin-file/www/LocalFileSystem.js",
            "pluginId": "cordova-plugin-file",
            "clobbers": [
                "window.LocalFileSystem"
            ],
            "merges": [
                "window"
            ]
        },
        {
            "id": "cordova-plugin-file.Metadata",
            "file": "plugins/cordova-plugin-file/www/Metadata.js",
            "pluginId": "cordova-plugin-file",
            "clobbers": [
                "window.Metadata"
            ]
        },
        {
            "id": "cordova-plugin-file.ProgressEvent",
            "file": "plugins/cordova-plugin-file/www/ProgressEvent.js",
            "pluginId": "cordova-plugin-file",
            "clobbers": [
                "window.ProgressEvent"
            ]
        },
        {
            "id": "cordova-plugin-file.fileSystems",
            "file": "plugins/cordova-plugin-file/www/fileSystems.js",
            "pluginId": "cordova-plugin-file"
        },
        {
            "id": "cordova-plugin-file.requestFileSystem",
            "file": "plugins/cordova-plugin-file/www/requestFileSystem.js",
            "pluginId": "cordova-plugin-file",
            "clobbers": [
                "window.requestFileSystem"
            ]
        },
        {
            "id": "cordova-plugin-file.resolveLocalFileSystemURI",
            "file": "plugins/cordova-plugin-file/www/resolveLocalFileSystemURI.js",
            "pluginId": "cordova-plugin-file",
            "merges": [
                "window"
            ]
        },
        {
            "id": "cordova-plugin-file.isChrome",
            "file": "plugins/cordova-plugin-file/www/browser/isChrome.js",
            "pluginId": "cordova-plugin-file",
            "runs": true
        },
        {
            "id": "cordova-plugin-file.androidFileSystem",
            "file": "plugins/cordova-plugin-file/www/android/FileSystem.js",
            "pluginId": "cordova-plugin-file",
            "merges": [
                "FileSystem"
            ]
        },
        {
            "id": "cordova-plugin-file.fileSystems-roots",
            "file": "plugins/cordova-plugin-file/www/fileSystems-roots.js",
            "pluginId": "cordova-plugin-file",
            "runs": true
        },
        {
            "id": "cordova-plugin-file.fileSystemPaths",
            "file": "plugins/cordova-plugin-file/www/fileSystemPaths.js",
            "pluginId": "cordova-plugin-file",
            "merges": [
                "cordova"
            ],
            "runs": true
        },
        {
            "id": "cordova-plugin-file-transfer.FileTransferError",
            "file": "plugins/cordova-plugin-file-transfer/www/FileTransferError.js",
            "pluginId": "cordova-plugin-file-transfer",
            "clobbers": [
                "window.FileTransferError"
            ]
        },
        {
            "id": "cordova-plugin-file-transfer.FileTransfer",
            "file": "plugins/cordova-plugin-file-transfer/www/FileTransfer.js",
            "pluginId": "cordova-plugin-file-transfer",
            "clobbers": [
                "window.FileTransfer"
            ]
        },
        {
            "id": "cordova-plugin-geolocation.geolocation",
            "file": "plugins/cordova-plugin-geolocation/www/android/geolocation.js",
            "pluginId": "cordova-plugin-geolocation",
            "clobbers": [
                "navigator.geolocation"
            ]
        },
        {
            "id": "cordova-plugin-geolocation.PositionError",
            "file": "plugins/cordova-plugin-geolocation/www/PositionError.js",
            "pluginId": "cordova-plugin-geolocation",
            "runs": true
        },
        {
            "id": "cordova-plugin-globalization.GlobalizationError",
            "file": "plugins/cordova-plugin-globalization/www/GlobalizationError.js",
            "pluginId": "cordova-plugin-globalization",
            "clobbers": [
                "window.GlobalizationError"
            ]
        },
        {
            "id": "cordova-plugin-globalization.globalization",
            "file": "plugins/cordova-plugin-globalization/www/globalization.js",
            "pluginId": "cordova-plugin-globalization",
            "clobbers": [
                "navigator.globalization"
            ]
        },
        {
            "id": "cordova-plugin-inappbrowser.inappbrowser",
            "file": "plugins/cordova-plugin-inappbrowser/www/inappbrowser.js",
            "pluginId": "cordova-plugin-inappbrowser",
            "clobbers": [
                "cordova.InAppBrowser.open",
                "window.open"
            ]
        },
        {
            "id": "cordova-plugin-media.MediaError",
            "file": "plugins/cordova-plugin-media/www/MediaError.js",
            "pluginId": "cordova-plugin-media",
            "clobbers": [
                "window.MediaError"
            ]
        },
        {
            "id": "cordova-plugin-media.Media",
            "file": "plugins/cordova-plugin-media/www/Media.js",
            "pluginId": "cordova-plugin-media",
            "clobbers": [
                "window.Media"
            ]
        },
        {
            "id": "cordova-plugin-media-capture.CaptureAudioOptions",
            "file": "plugins/cordova-plugin-media-capture/www/CaptureAudioOptions.js",
            "pluginId": "cordova-plugin-media-capture",
            "clobbers": [
                "CaptureAudioOptions"
            ]
        },
        {
            "id": "cordova-plugin-media-capture.CaptureImageOptions",
            "file": "plugins/cordova-plugin-media-capture/www/CaptureImageOptions.js",
            "pluginId": "cordova-plugin-media-capture",
            "clobbers": [
                "CaptureImageOptions"
            ]
        },
        {
            "id": "cordova-plugin-media-capture.CaptureVideoOptions",
            "file": "plugins/cordova-plugin-media-capture/www/CaptureVideoOptions.js",
            "pluginId": "cordova-plugin-media-capture",
            "clobbers": [
                "CaptureVideoOptions"
            ]
        },
        {
            "id": "cordova-plugin-media-capture.CaptureError",
            "file": "plugins/cordova-plugin-media-capture/www/CaptureError.js",
            "pluginId": "cordova-plugin-media-capture",
            "clobbers": [
                "CaptureError"
            ]
        },
        {
            "id": "cordova-plugin-media-capture.MediaFileData",
            "file": "plugins/cordova-plugin-media-capture/www/MediaFileData.js",
            "pluginId": "cordova-plugin-media-capture",
            "clobbers": [
                "MediaFileData"
            ]
        },
        {
            "id": "cordova-plugin-media-capture.MediaFile",
            "file": "plugins/cordova-plugin-media-capture/www/MediaFile.js",
            "pluginId": "cordova-plugin-media-capture",
            "clobbers": [
                "MediaFile"
            ]
        },
        {
            "id": "cordova-plugin-media-capture.capture",
            "file": "plugins/cordova-plugin-media-capture/www/capture.js",
            "pluginId": "cordova-plugin-media-capture",
            "clobbers": [
                "navigator.device.capture"
            ]
        },
        {
            "id": "cordova-plugin-network-information.network",
            "file": "plugins/cordova-plugin-network-information/www/network.js",
            "pluginId": "cordova-plugin-network-information",
            "clobbers": [
                "navigator.connection",
                "navigator.network.connection"
            ]
        },
        {
            "id": "cordova-plugin-network-information.Connection",
            "file": "plugins/cordova-plugin-network-information/www/Connection.js",
            "pluginId": "cordova-plugin-network-information",
            "clobbers": [
                "Connection"
            ]
        },
        {
            "id": "cordova-plugin-splashscreen.SplashScreen",
            "file": "plugins/cordova-plugin-splashscreen/www/splashscreen.js",
            "pluginId": "cordova-plugin-splashscreen",
            "clobbers": [
                "navigator.splashscreen"
            ]
        },
        {
            "id": "cordova-plugin-statusbar.statusbar",
            "file": "plugins/cordova-plugin-statusbar/www/statusbar.js",
            "pluginId": "cordova-plugin-statusbar",
            "clobbers": [
                "window.StatusBar"
            ]
        },
        {
            "id": "cordova-plugin-vibration.notification",
            "file": "plugins/cordova-plugin-vibration/www/vibration.js",
            "pluginId": "cordova-plugin-vibration",
            "merges": [
                "navigator.notification",
                "navigator"
            ]
        },
        {
            "id": "cordova-plugin-file-opener2.FileOpener2",
            "file": "plugins/cordova-plugin-file-opener2/www/plugins.FileOpener2.js",
            "pluginId": "cordova-plugin-file-opener2",
            "clobbers": [
                "cordova.plugins.fileOpener2"
            ]
        },
        {
            "id": "cordova-plugin-spinnerdialog.SpinnerDialog",
            "file": "plugins/cordova-plugin-spinnerdialog/www/spinner.js",
            "pluginId": "cordova-plugin-spinnerdialog",
            "merges": [
                "window.plugins.spinnerDialog"
            ]
        },
        {
            "id": "cordova-plugin-x-toast.Toast",
            "file": "plugins/cordova-plugin-x-toast/www/Toast.js",
            "pluginId": "cordova-plugin-x-toast",
            "clobbers": [
                "window.plugins.toast"
            ]
        },
        {
            "id": "phonegap-plugin-push.PushNotification",
            "file": "plugins/phonegap-plugin-push/www/push.js",
            "pluginId": "phonegap-plugin-push",
            "clobbers": [
                "PushNotification"
            ]
        }
    ],
    "plugin_metadata": {
        "cordova-plugin-battery-status": "1.1.2",
        "cordova-plugin-camera": "2.1.1",
        "cordova-plugin-console": "1.0.7",
        "cordova-plugin-contacts": "2.0.1",
        "cordova-plugin-device": "1.1.7",
        "cordova-plugin-device-motion": "1.2.5",
        "cordova-plugin-device-orientation": "1.0.7",
        "cordova-plugin-dialogs": "1.2.1",
        "cordova-plugin-file": "6.0.1",
        "cordova-plugin-file-transfer": "1.5.1",
        "cordova-plugin-geolocation": "2.1.0",
        "cordova-plugin-globalization": "1.0.9",
        "cordova-plugin-inappbrowser": "1.3.0",
        "cordova-plugin-media": "2.2.0",
        "cordova-plugin-media-capture": "1.2.0",
        "cordova-plugin-network-information": "1.2.1",
        "cordova-plugin-splashscreen": "3.2.2",
        "cordova-plugin-statusbar": "2.1.3",
        "cordova-plugin-vibration": "2.1.6",
        "cordova-plugin-whitelist": "1.2.2",
        "cordova-plugin-file-opener2": "2.0.19",
        "cordova-plugin-spinnerdialog": "1.3.2",
        "cordova-plugin-x-toast": "2.6.2",
        "phonegap-plugin-push": "1.4.5"
    }
}